training_index,U,beta,PC1,PC2
0,8.0,25.0,-0.20496349326020583,0.06449628577627833
1,4.5,5.0,0.153606001021387,0.0008639702685207141
2,6.0,8.0,0.19215371739561296,-0.0016354743093476166
3,8.0,25.0,0.188274671229138,0.0004462730051516267
4,3.5,15.0,0.12668563077754316,0.005786698531118548
5,3.0,20.0,-0.08865304815853303,0.01481383798705722
6,4.5,20.0,-0.25258058499468294,-0.01854408474273021
7,4.0,5.0,0.01913857418488656,-0.023220348050379234
8,4.5,25.0,0.19143701970176596,-0.0010443713194153634
9,4.5,10.0,-0.13576492713766067,-0.04559359609802032
10,4.5,5.0,0.1357887829100342,-0.004293875919924696
11,6.0,5.0,0.05807312839274212,-0.0308518111931512
12,3.5,25.0,-0.11053199524386005,0.06496777795243124
13,6.0,10.0,0.09536294090105657,-0.011611775438142711
14,4.5,25.0,-0.19007821282623438,0.02936502952453022
15,3.5,5.0,-0.13143995708892137,-0.03438935618983453
16,5.0,25.0,0.186233229890166,0.0014675258066041163
17,5.0,10.0,-0.0292581092611204,-0.027762473854710316
18,4.0,5.0,0.18155600705538566,0.000980528142463811
19,4.5,15.0,0.15589049187389464,0.014429441413959628
20,5.5,8.0,0.1896082187137607,-0.00137614433794738
21,8.0,25.0,-0.24463698061661504,0.06304455689940865
22,8.0,8.0,0.017823002082237166,-0.02983508501451956
23,5.5,15.0,-0.22221151693122182,0.026679169867657514
24,7.0,15.0,-0.02093370103736489,-0.0456414619598509
25,7.0,15.0,0.19047634741134123,-0.0006356706527184068
26,4.5,25.0,0.0988881488281619,0.01295774607534724
27,6.0,15.0,-0.20768866919018392,-0.025247036797044358
28,4.5,15.0,0.18626667387433982,0.0006785611059311535
29,4.5,25.0,0.0377291481792271,0.06604693709262133
30,3.0,25.0,-0.06715293102123343,0.08454998323309618
31,6.0,8.0,-0.17516088769987193,-0.005188621724836395
32,4.5,20.0,0.02426705865743285,0.07298394806961893
33,2.0,8.0,-0.06467250082224335,-0.04888354220033459
34,5.5,10.0,-0.22334568504788724,-0.02076862676885632
35,5.0,10.0,-0.046752559935797855,-0.028956684225783992
36,4.5,20.0,-0.1652854763267101,-0.055147218891642175
37,7.0,5.0,-0.060135291447361315,0.002595804799957508
38,3.5,5.0,0.09865793641552258,-0.004882143753145572
39,8.0,5.0,-0.00739567825256653,-0.010644236505474775
40,4.0,8.0,-0.10768331923602131,-0.0474835993237963
41,6.0,5.0,-0.07518840158796936,-0.03671705830450034
42,8.0,10.0,0.11386543793852369,0.00980239697069448
43,3.0,8.0,-0.139969908794194,-0.049381243391649204
44,4.5,15.0,0.15470320955350103,0.004703279938029399
45,7.0,15.0,-0.0210808150108432,0.0023640092950218297
46,5.0,20.0,0.058017812945195556,0.032800961229027
47,8.0,25.0,0.1888438806193421,0.00025631862206225436
48,5.0,20.0,0.16840696475027636,0.010157433586709359
49,4.5,20.0,-0.20893081968663144,-0.048365230446303885
50,7.0,8.0,-0.1143408064707243,-0.006009232884893565
51,2.0,15.0,-0.06321031884539378,-0.04594109235159301
52,4.5,10.0,0.10905013179015992,0.006892537488748544
53,4.5,8.0,-0.1381285947983786,-0.047808420172439615
54,3.0,5.0,-0.05987210027526856,-0.028709882319391377
55,6.0,15.0,-0.20720353219128676,-0.04221662952797285
56,5.0,10.0,-0.17018707713242803,-0.04452071211303711
57,8.0,5.0,0.0435893423891793,-0.03377131128516652
58,4.5,10.0,0.11437159317514849,0.021350269470606465
59,4.0,8.0,-0.09826404901108642,-0.03511809368505513
60,8.0,25.0,0.1096290905817857,0.03376396022007477
61,8.0,15.0,0.1845031922793793,0.002229470169184878
62,4.0,5.0,0.17862178779020993,-0.00033188140791683325
63,7.0,20.0,-0.2754720400461934,0.015384498254275403
64,4.5,15.0,-0.0305803080571841,-0.0424772477587085
65,5.5,8.0,-0.20348035532394623,-0.030003183364697365
66,3.5,15.0,0.18073516438336665,0.0029332422375038473
67,8.0,5.0,0.17864448232474128,-0.0025934427204134113
68,8.0,8.0,-0.10156198564192345,-0.05477432448692376
69,3.0,25.0,-0.21465485054508623,-0.04676775773768693
70,6.0,5.0,0.12654718480803406,-0.014750593885547225
71,6.0,10.0,-0.06514339511419304,-0.006611436027193603
72,4.0,15.0,-0.009644402590622821,0.05889132382374685
73,3.0,10.0,0.1900601294899803,-0.0007656128700816475
74,5.0,8.0,0.09403637717069384,-0.01557491603854333
75,5.0,20.0,0.18346586607102994,0.0022737664802629583
76,6.0,8.0,0.0491969517268085,0.03445733574133401
77,8.0,15.0,0.1397621417810382,0.02192967009836182
78,3.5,5.0,0.08799929905632832,-0.0005522331675421776
79,3.0,8.0,-0.11504350711409023,-0.02176516494824183
80,3.5,10.0,0.12635757510738724,0.002881528632605509
81,5.5,20.0,-0.17966927175886477,0.054719241021220014
82,6.0,8.0,0.10436986768258956,0.007565349063441205
83,5.0,8.0,0.15360956368664488,-0.010143537296228855
84,7.0,5.0,0.04602795866259809,-0.028389524053693688
85,6.0,8.0,-0.0686637622714692,0.03667739710678161
86,2.0,10.0,0.03657206319696389,0.03086033888607486
87,6.0,10.0,-0.061749502032265036,0.03571343657952471
88,5.5,10.0,-0.04205424532957714,0.008141824400644515
89,2.0,8.0,-0.10194443086084276,-0.05112317899783756
90,8.0,25.0,-0.14956748890559424,0.10079310500182224
91,3.5,8.0,-0.09720291239886401,-0.009739352369864965
92,4.0,10.0,0.05754391383172602,-0.010736152010413717
93,8.0,5.0,0.14243581366009944,-0.009466702262095016
94,5.5,10.0,-0.2046175147543221,-0.001085611438343794
95,6.0,20.0,-0.18051430212206268,0.050081095385487516
96,6.0,15.0,-0.1051930299151449,-0.05500431653523272
97,3.5,8.0,-0.16542682663247096,-0.053590021594528865
98,4.5,15.0,-0.22955263654751296,0.018691687122331074
99,8.0,20.0,0.03754572613928985,0.002547052723703422
100,8.0,10.0,0.13540164717863135,0.007425935622637066
101,6.0,20.0,-0.2294936775703699,0.12495551893721125
102,5.5,5.0,-0.024742142836946857,-0.037563691255362894
103,2.0,8.0,0.01745077995520868,-0.018726156692979445
104,3.5,5.0,0.17562711924091165,-0.004184387539306837
105,7.0,20.0,0.08191228989334255,0.05104569122212846
106,5.0,15.0,0.12882964320455761,0.020550514709756162
107,5.5,5.0,-0.06674887903038948,-0.03556809828929789
108,2.0,20.0,-0.07451620348276376,0.046247144635042356
109,3.0,10.0,-0.04452566671179382,-0.04897705254798652
110,6.0,10.0,-0.04533247341941626,0.042562094652799656
111,4.5,10.0,-0.050250348454816955,-0.03388607017408356
112,4.5,15.0,-0.21639013813762034,0.07712608659966823
113,5.5,5.0,0.054001461702266045,0.01739990730822634
114,3.0,15.0,0.1445581354222071,0.009205303343513008
115,6.0,20.0,0.018162780258025785,0.05139646680339316
116,7.0,10.0,-0.2034732096171347,-0.04498156567505933
117,8.0,8.0,-0.09631605391814878,-0.04981802861584335
118,6.0,5.0,0.17305389381481706,-0.0014735947265100558
119,8.0,20.0,0.10316305014485685,-0.0226642104090404
120,6.0,25.0,-0.2104725080107496,-0.007156834188944456
121,4.0,8.0,0.17234998165246618,0.0016963051265332014
122,5.5,5.0,0.14952526095419433,0.0047214966109309815
123,5.5,8.0,-0.14852098761576685,-0.04209046129211142
124,3.0,5.0,0.15650932990078245,-0.0013193815458502327
125,7.0,15.0,0.086814128656401,-0.026076649287390005
126,5.5,15.0,-0.14706982357271797,0.0482885133903575
127,3.5,10.0,0.009701464474145613,0.005532344105382502
128,3.0,20.0,-0.006325016783385902,0.04131148090674697
129,3.5,5.0,0.14477651413325432,-0.007320153805921375
130,3.5,10.0,0.06030084155019355,0.032323131154160384
131,3.5,10.0,0.14959350309725755,0.011478218868988846
132,5.0,8.0,-0.05908908347686958,0.006426918551707138
133,7.0,8.0,-0.044547188937530936,-0.04384615417675308
134,4.0,25.0,-0.03050312143405876,0.09562612527904814
135,5.5,10.0,-0.025562007871281107,0.06257290936520672
136,6.0,10.0,-0.10585527003037545,-0.01961035259090341
137,3.0,10.0,0.1781415012019946,0.004718372273118661
138,4.5,20.0,-0.18053811305490186,-0.03986095775912996
139,4.5,8.0,-0.07906894224535041,-0.052939146723570155
140,7.0,25.0,-0.25029747025673377,-0.024656020438385978
141,5.0,5.0,0.15757601863424656,0.004124548048803805
142,5.5,10.0,0.1007799722753472,0.014114383709985493
143,5.5,8.0,0.11842412505163835,0.004439254806445907
144,5.5,20.0,0.1360607920839237,0.024286000644953783
145,4.5,8.0,-0.01808995682398684,0.022357499814217884
146,6.0,8.0,-0.022102193250162487,-0.041764288253615535
147,7.0,8.0,0.17130347932619858,0.0041161478379144354
148,4.0,5.0,0.1916596258132898,-0.0018091577578828665
149,5.5,15.0,-0.1519887243763301,-0.031604681829925846
150,5.0,25.0,0.1856913117908848,0.0020070388851954344
151,6.0,5.0,0.08110868863418842,-0.0061504525079802
152,2.0,5.0,0.11090153464008914,0.0045241827297316465
153,5.5,10.0,-0.16266070385363604,0.023863104570999816
154,8.0,25.0,-0.14490238764714583,-0.05600685383288625
155,6.0,15.0,0.13225649069860876,0.026003586250157563
156,8.0,8.0,-0.05145807364467773,-0.037630646114597065
157,3.5,5.0,0.02868557610584077,-0.008233551061682116
158,5.0,10.0,-0.14611445373173976,-0.020296776421921722
159,6.0,25.0,0.10145519538858531,0.03502619460590456
160,5.0,8.0,0.052099159636698186,0.014485334819877302
161,4.5,5.0,-0.08061157294787574,-0.0401960572871444
162,6.0,10.0,0.01994027763908985,0.019922298458800607
163,5.5,25.0,-0.12685497240268775,-0.05592689413707538
164,2.0,20.0,0.07895280611537828,0.04379853591335001
165,5.0,5.0,0.07934308297532962,0.002146213383499177
166,3.0,10.0,-0.07020194667461827,-0.0013041931239613218
167,8.0,15.0,-0.07255155807145018,0.04121959047015041
168,3.5,10.0,0.1815431614548975,0.0006095486439294546
169,5.0,15.0,-0.25753484538929994,-0.021830891989271146
170,8.0,5.0,0.016933414924976933,-0.03138613156606946
171,2.0,20.0,0.15138767199353773,0.014676927341958973
172,6.0,5.0,0.16993520196448952,-0.006457330617574404
173,8.0,20.0,0.17310218383169648,0.006207056225148939
174,6.0,20.0,-0.09179443706497535,-0.05406047864859863
175,6.0,5.0,0.0648019705106971,0.016627101037642998
176,5.5,15.0,0.12413241404018178,0.018493058658669896
177,6.0,10.0,0.14329747442364607,0.014565085871541787
178,4.5,10.0,-0.007297587531896194,-0.04352208722112103
179,6.0,5.0,0.17371529860399668,-0.0028865220869018523
180,3.5,5.0,0.06816577172546526,-0.021597491563741508
181,8.0,8.0,-0.10345626299183,-0.02085960406521155
182,3.0,15.0,0.11715199629654449,0.03002715270202072
183,5.5,5.0,0.13661235000860308,0.0053610919243129536
184,4.5,10.0,-0.024500610360841096,-0.00935572489933267
185,5.0,15.0,0.08297097801285873,0.025627862581033348
186,4.5,8.0,0.11246598357025725,-0.010366512487758531
187,3.5,15.0,-0.20022064330316874,0.010111285403730906
188,4.0,8.0,0.16534886772996754,-0.000619188660840604
189,4.0,8.0,0.10336444170485254,0.004077634087584081
190,6.0,15.0,-0.1367263031049165,-0.04044511586413693
191,3.0,20.0,-0.06819797401263279,-0.041730297810841366
192,4.5,5.0,0.07293327211503912,-0.025662717215367076
193,5.0,10.0,0.09453662622735955,0.0016944958043674657
194,3.5,8.0,-0.03353075878522845,-0.0366445050438964
195,8.0,25.0,0.18984535931149535,-0.00018251149954799423
196,6.0,5.0,0.16407891998492807,0.0005813331822539209
197,7.0,5.0,0.12935454115347458,-0.014970733910346314
198,7.0,5.0,0.18412939171744996,-0.0046273737510967305
199,4.0,25.0,0.11097156900934355,0.033059052958569465
200,5.5,8.0,-0.21259709330082033,0.015573806355723741
201,3.0,5.0,0.025407593697600935,-0.03533230865440803
202,3.0,15.0,0.0580713135734056,0.03882523934089532
203,2.0,5.0,0.10956932775279542,-0.008121219419995869
204,7.0,5.0,-0.09136060389578127,-0.04511204540510903
205,6.0,25.0,0.14272233597929276,0.008979215194126849
206,4.5,20.0,0.095053857930965,-0.024368114928791918
207,4.5,25.0,0.19144673968864578,-0.00105855815403155
208,7.0,20.0,-0.24989883851497516,-0.0177145994293564
209,7.0,8.0,-0.08722548083872131,-0.03771091377815642
210,6.0,15.0,-0.2717471660659501,0.003782441905646289
211,8.0,5.0,0.031448528743758364,-0.036865910056713545
212,8.0,20.0,-0.05865612923890902,-0.026990700797173795
213,5.5,5.0,0.1411535139485684,-0.009577952305254746
214,6.0,5.0,0.13739812413456376,-0.011923406695623657
215,3.0,8.0,-0.08388930893517672,-0.05338796057776991
216,6.0,20.0,0.04669498192956251,0.04062969522291446
217,5.0,5.0,0.16213535066052712,0.0052876407624982595
218,6.0,5.0,-0.11399327322507216,-0.0355886332756973
219,2.0,5.0,0.02876744918820304,-0.03019051639007552
220,6.0,10.0,0.11152491812479388,0.028101209656612402
221,5.5,15.0,-0.0009150003462817009,0.06962952562503393
222,4.0,20.0,-0.23995721991312036,0.00929187905163105
223,2.0,5.0,0.017696946748475596,0.015545058973101185
224,6.0,8.0,0.16807272893276887,0.0052991668883046236
225,4.5,8.0,-0.1920779649492346,-0.012008569016897109
226,8.0,10.0,0.05141324332348844,-0.01632971422206779
227,8.0,5.0,0.11529710710178136,-0.020075242203503405
228,4.0,25.0,-0.10772009543279909,0.06715025295490976
229,5.0,8.0,-0.09476372777953053,0.006499904650916097
230,5.5,25.0,-0.23062121802752072,0.14142410168529462
231,7.0,5.0,0.05726786724377655,-0.02296883874722055
232,4.0,25.0,-0.24473211795786468,-0.015754063701251795
233,3.0,8.0,0.0075104417178984235,0.0315126410409047
234,6.0,10.0,0.021560916624855042,-0.035891463248559456
235,8.0,15.0,-0.17796727442515345,-0.04293539502745027
236,3.0,8.0,0.05577062291169902,-0.02985752509437545
237,8.0,25.0,-0.26906886047080153,0.15119805468801448
238,7.0,25.0,0.16295384067998264,0.013818042838107097
239,5.5,8.0,0.09632757683327328,-0.02175192491652516
240,4.0,20.0,0.12475412696632386,0.027635813226089656
241,6.0,8.0,0.18067295043434087,0.0008059317849214832
242,4.5,20.0,-0.14603153787990952,0.023763318174348198
243,8.0,25.0,-0.10468375662754352,-0.05497326516385335
244,3.0,20.0,0.17605553106524366,0.005753436913400156
245,8.0,15.0,-0.12113871137320269,-0.029402723679592496
246,4.0,25.0,-0.14569088171090672,-0.0010369971734316445
247,8.0,10.0,-0.03169565181120908,0.04218943999781355
248,5.5,10.0,-0.21092724535869806,0.009484611282648926
249,7.0,10.0,-0.048701147641927255,-0.047138379563422005
250,5.5,20.0,0.07621543567592771,0.05042863393414339
251,8.0,10.0,0.10964535277919281,-0.021286830546085548
252,3.0,8.0,-0.09331014683490764,-0.05324537059602421
253,3.0,25.0,0.1712714881180859,0.008431498220699845
254,3.0,25.0,0.15266684112191461,0.018929106960501534
255,8.0,8.0,0.1596309384206887,0.006343431198819826
256,3.5,10.0,0.07700981347149895,0.02702591536943236
257,3.5,25.0,0.16491991377413562,0.01165139450761145
258,3.0,20.0,0.132293518728135,0.022151375350203093
259,3.5,8.0,-0.09980232718621884,-0.027056936461369155
260,7.0,10.0,-0.1298643968407608,-0.03444286886415137
261,5.5,10.0,0.08772428687203672,0.005448192829228906
262,6.0,10.0,-0.14828759882161863,0.034479767659579386
263,4.0,5.0,-0.18152926716184156,-0.022366237696232513
264,6.0,8.0,-0.15119456553291272,-0.047528875788057354
265,6.0,10.0,-0.11113877824147743,-0.005224629998158051
266,4.0,8.0,-0.1409161916142706,-0.047892421196375407
267,7.0,25.0,0.051925327604006484,0.0660656595969299
268,6.0,15.0,0.05417737660905121,0.02797982529430465
269,2.0,8.0,0.05906460689631551,-0.026964699536033105
270,4.5,20.0,0.17856166813357113,0.0026009019567117394
271,7.0,15.0,0.005262374903248424,-0.04146073988543365
272,7.0,5.0,-0.025573580620092642,-0.04383897341357037
273,5.0,25.0,-0.27217596100252656,0.04085672312902075
274,5.0,10.0,-0.0461012744614224,-0.03180563099193417
275,3.5,10.0,0.11820615860057068,-0.014134657575231357
276,7.0,15.0,0.11164335161248676,0.03349186392461833
277,4.5,15.0,-0.17048612254885812,0.07946794432086308
278,4.0,25.0,-0.23557371167467928,0.016257687904998368
279,5.0,15.0,0.0587441532436524,-0.0175559884870215
280,7.0,15.0,-0.2115906446526481,-0.03168213643156812
281,6.0,10.0,-0.19816130655847686,0.007825806550597825
282,3.0,5.0,-0.023931275332657164,-0.034579800226953075
283,3.5,15.0,0.10524167275757354,0.020290966679932142
284,7.0,5.0,0.13198900145952225,-0.008600961430990579
285,4.5,20.0,-0.022312139950639524,0.056202285438718726
286,8.0,15.0,-0.02217429457001248,-0.04582772101669454
287,4.0,20.0,0.17762732180663515,0.0025646541380627465
288,3.0,10.0,0.16373122749174787,0.0036271430145598704
289,6.0,10.0,-0.08643236040701997,0.04610207719350986
290,5.0,15.0,-0.1736537040767366,-0.054439725958030365
291,7.0,8.0,-0.20670297087046907,0.0009562715163424975
292,4.0,15.0,-0.08058315996781924,-0.05016469192258612
293,5.0,8.0,-0.10102926629154019,-0.014316377981416424
294,8.0,5.0,0.15310879214218534,-0.008653106640239081
295,8.0,8.0,-0.014534330553166091,0.006342629700172836
296,2.0,20.0,-0.10847597368772507,0.022112719633850045
297,3.5,5.0,0.13698294700775107,0.0010006269724971797
298,3.0,20.0,0.18301655566785854,0.00232979606910118
299,7.0,10.0,0.14876984846620298,0.0026887037435376023
300,8.0,20.0,-0.17597089546083675,0.06418340348333339
301,3.0,10.0,0.10527348032082007,0.023070349759254927
302,3.5,10.0,-0.09535714886792744,-0.030067872902871752
303,5.5,15.0,-0.2396071513923778,0.0787017241084394
304,3.0,10.0,0.06129618543071163,-0.009054449026435216
305,2.0,25.0,-0.18006134134514584,-0.051482050809738465
306,8.0,10.0,0.038206271813306145,-0.0050139567985370845
307,3.0,15.0,0.13205954324183902,0.017153183913710058
308,5.5,25.0,0.06025669034044548,-0.019457800687899006
309,4.0,8.0,-0.09971008481617487,-0.033503709287765644
310,4.5,20.0,-0.2480113060712016,0.0808730833880972
311,3.0,15.0,0.01095236836591535,0.046083886909388076
312,5.0,15.0,0.16662739620748085,0.010089348084857359
313,2.0,20.0,-0.08350343984953262,0.038762421280155245
314,8.0,25.0,-0.17847756143639817,-0.05392308771102869
315,4.0,8.0,-0.215866367746228,0.024543943776816478
316,5.5,8.0,-0.1402664497204207,-0.05286677688047926
317,8.0,8.0,0.14776995148217748,-0.009074595897210005
318,7.0,10.0,0.010694250881092283,-0.009598219583157068
319,3.5,15.0,0.15150879860092517,0.017357198233128004
320,3.0,25.0,0.08389080487928188,0.037632022103971846
321,3.0,15.0,-0.10374464390054462,0.046140270175336236
322,2.0,15.0,-0.07457778625311497,-0.04643186686466363
323,3.5,15.0,-0.10541371253503547,0.05860974211572476
324,4.0,8.0,0.03497516073225379,-0.03130655138174568
325,7.0,8.0,0.1627638664262109,0.0060380287987612255
326,4.5,8.0,-0.15063400771544397,-0.023323475200962413
327,5.0,25.0,0.18305563996240407,0.0032448539996614736
328,4.5,10.0,-0.18397780144678405,-0.05322791787440774
329,5.5,5.0,0.14689727182761614,-0.007646897644594172
330,4.0,5.0,0.13773662886912486,-0.012586764690601522
331,8.0,8.0,0.042819143820631726,-0.0174924189482789
332,5.0,25.0,-0.1149522403312201,0.11118804227571788
333,7.0,8.0,0.16803572177662326,0.0007698180092533322
334,6.0,10.0,-0.18289356185280428,-0.039409366911105456
335,5.0,8.0,0.016858842041793422,-0.029073089147472614
336,7.0,25.0,0.17670072422677022,0.005402055458841956
337,5.0,5.0,0.15429548573305427,-0.004912736859420931
338,6.0,25.0,-0.2216292103488969,-0.031859735392551894
339,5.5,8.0,0.1621484127588408,-0.009687025033248588
340,5.5,5.0,0.06547161196153518,-0.030386925672300676
341,6.0,8.0,0.11145995437977432,0.01631632343423912
342,6.0,5.0,-0.1923126667369892,-0.03656738621557283
343,2.0,5.0,0.16322930285995035,-0.004549621116055254
344,4.5,8.0,0.17066177091297222,0.005998343559905861
345,7.0,10.0,0.14315221793822425,0.010014402239840655
346,8.0,8.0,-0.07384566161255157,0.022492429108207843
347,5.5,20.0,-0.1484495434071636,0.05926173459479834
348,5.0,5.0,0.02979856659625154,-0.02845670922780105
349,3.0,8.0,0.14860356986995932,-0.012749155142489248
350,5.0,20.0,-0.18474520557790033,-0.011547991312853965
351,6.0,8.0,0.18039384722526441,-0.005494702340744232
352,4.5,25.0,-0.27773713778762965,0.0052015562533212255
353,4.0,10.0,0.07659966548594814,-0.0211751321115414
354,7.0,8.0,0.11259083333868798,0.004499434748907179
355,4.0,10.0,-0.12475683083264871,0.0038243212128768406
356,3.5,25.0,-0.11358318529482798,-0.0554568487454074
357,5.0,5.0,0.15525549205910738,-0.009952632799749164
358,6.0,5.0,-0.03573134222915145,-0.019706672063472902
359,7.0,8.0,0.13619131616142266,0.014438060515168685
360,7.0,25.0,-0.177770228665871,-0.025961593498410738
361,5.5,25.0,-0.0819725278271672,-0.012652833838294198
362,6.0,5.0,0.18472751774222876,-0.0007319401684322761
363,5.5,15.0,-0.2245504671219492,0.02639145288042547
364,5.0,8.0,0.18921236695149213,-0.0008772895596751643
365,7.0,15.0,-0.1605719816880569,-0.021971485991397054
366,4.0,10.0,-0.1603650020941769,-0.05466649453055399
367,8.0,15.0,-0.2553658534743227,-0.02050285119327187
368,5.5,10.0,-0.12857395273327976,-0.025790043093543828
369,4.0,10.0,0.08609673357992076,0.01426007802399559
370,4.0,20.0,0.07148691391760201,0.047092289298129884
371,3.0,8.0,0.003576564443245057,-0.011565876372596257
372,7.0,10.0,-0.25054936390503857,0.027778888291121906
373,2.0,25.0,-0.11855764944295652,-0.031419145136540684
374,4.0,25.0,0.052937101395508133,0.04996595694125067
375,5.5,10.0,-0.19192117469484332,-0.05200544532792104
376,7.0,15.0,-0.2695567122783504,-0.003378734580272858
377,5.0,20.0,0.12462832236493729,0.031753194050841996
378,6.0,8.0,0.04704334540762725,-0.017135923728616546
379,3.0,5.0,-0.0008269036853846704,-0.008728224590562383
380,5.5,20.0,-0.21362359743262002,0.09309857882730675
381,6.0,15.0,0.0961437443977546,0.03910272006566399
382,6.0,25.0,-0.08544774857873201,0.08611481349980887
383,5.0,25.0,-0.22175807164761682,-0.0444735061189019
384,5.5,15.0,0.19170486038264534,-0.0012389788276991071
385,8.0,25.0,-0.19823426083749107,-0.03902752094104557
386,5.0,8.0,-0.12530618335761454,-0.020982659879643917
387,3.5,20.0,0.13530254902839492,0.006665144531134747
388,5.0,20.0,-0.0032819068311460624,-0.008400325414706547
389,4.5,10.0,0.1262273544232006,-0.01290054955830692
390,3.0,15.0,0.049583618704543746,0.007306067793591685
391,7.0,15.0,-0.17099434157729568,-0.009447972594303931
392,3.5,8.0,-0.07617753660402479,-0.01729132144444424
393,6.0,15.0,-0.06409945630957321,0.0779095851980312
394,6.0,20.0,0.18208718596460524,0.0021314247271762288
395,7.0,5.0,0.15945442706615592,-0.009132441596506424
396,7.0,15.0,0.1427496679321913,0.019524729857288457
397,5.5,8.0,-0.11218144865961072,-0.050506744793900105
398,7.0,5.0,0.025235275051732675,-0.028503679006449293
399,5.5,20.0,0.05425547625933547,-0.0033146133310347718
400,3.0,15.0,0.13841796395479936,0.023375571237483017
401,6.0,20.0,-0.001642905458678496,0.08687291061051432
402,7.0,8.0,0.18258826230024847,0.0013742184843390296
403,3.5,8.0,0.14829124898635576,-0.003041264315625211
404,7.0,20.0,-0.23533313177229281,-0.03893921502016217
405,5.5,15.0,-0.05934283631064409,0.044415845938799284
406,3.5,20.0,0.011672692597971308,-0.04037140575231237
407,3.5,10.0,0.16916294357976835,0.00788854397070038
408,8.0,8.0,0.10635616921129448,-0.018487623065403205
409,3.5,25.0,-0.17358112278669993,0.0006734329311976099
410,8.0,5.0,0.18181620357764566,-0.002228046541903296
411,3.0,5.0,0.16789886843340973,-0.00016643232109605266
412,3.5,15.0,0.009609351871891424,-0.04072467755504739
413,8.0,8.0,-0.10360228575490225,-0.05120725366213353
414,8.0,10.0,0.1859729548217478,0.0008976965292744663
415,4.5,15.0,-0.19395812471223126,-0.05164693991744248
416,6.0,8.0,0.10114604224512658,-0.0201411767033549
417,6.0,5.0,0.06980305164395663,-0.029526294790149156
418,5.0,15.0,0.1768930329140541,0.004375412353496207
419,3.0,8.0,-0.07797840191033056,-0.03825407530268617
420,4.0,5.0,0.05986830196611657,-0.02944486726644064
421,5.5,25.0,0.08897780785636072,0.027930344944373058
422,3.5,5.0,0.17928958267130413,-0.0009100564374419964
423,3.0,8.0,0.07365032397544298,-0.015524320214935569
424,8.0,20.0,-0.2859902823935774,0.02083839239120976
425,6.0,5.0,0.1281228056407121,-0.006035810112815989
426,8.0,20.0,-0.2715435789196613,0.028951675430438077
427,4.5,25.0,0.18219871217327196,0.0037119269661248957
428,5.5,10.0,0.16007427494469373,-0.0003209792430355758
429,3.5,10.0,0.012172517409299855,-0.04028545819144061
430,6.0,10.0,-0.04400344620995918,-0.030998028248737375
431,5.0,15.0,-0.2139859391362879,-0.01964072530708589
432,4.5,15.0,0.17139294810430358,0.007239413220427062
433,4.5,8.0,-0.15018817143660002,0.0454650371637798
434,3.5,10.0,-0.07505497354714852,0.027611869238339613
435,5.5,10.0,-0.11090937362009579,0.02187011298102986
436,3.5,15.0,0.004722979456678705,-0.03150127123010246
437,8.0,20.0,-0.27467441543102805,-0.001429446645508478
438,4.0,8.0,0.12793263837482063,-0.017332135207175837
439,3.0,5.0,0.07296896919103678,-0.02612882981770587
440,8.0,5.0,0.17875377039415158,-0.0015406821706357456
441,3.5,10.0,0.1850360446815498,-0.00157025500760855
442,4.5,5.0,0.004533558206337548,-0.037248112237026336
443,7.0,25.0,0.1452862288460581,0.019201666748944392
444,7.0,20.0,0.12229699953197441,0.03207093216392974
445,2.0,10.0,0.045947820363971895,-0.01755702679873304
446,3.0,5.0,0.1453142159025315,-0.00771999985979785
447,8.0,8.0,-0.04938479549920039,-0.009867610323837282
448,8.0,15.0,-0.06930694928340284,0.010339026138344493
449,7.0,20.0,-0.13996307906724512,0.11159619933092876
450,5.0,10.0,-0.04901606066023363,-0.014024442494532717
451,3.0,5.0,0.11134928901897215,-0.012673610987199296
452,3.0,5.0,-0.06035092947122167,-0.039947057210155026
453,4.0,15.0,-0.19680978308538022,0.09130705625017
454,6.0,5.0,0.07206930490303488,-0.021918589091843042
455,3.5,20.0,-0.1466914207538411,0.10798853149503644
456,3.0,10.0,0.1865928469299203,0.0010572653006934803
457,3.5,5.0,0.18701147766985526,-0.0031243317347152415
458,5.0,20.0,0.0841511575399829,0.03422745009158738
459,7.0,20.0,0.07591919861434908,0.0034626920109517385
460,5.5,10.0,-0.18698516450092162,-0.047858331640685356
461,7.0,25.0,-0.1739728512702936,0.11869993006358961
462,7.0,10.0,-0.2092213113059231,0.00851313149583977
463,4.5,5.0,0.163321708609913,0.0030079985146783802
464,5.0,15.0,0.0875599651719401,0.030240743531209303
465,7.0,5.0,0.09327650981844773,-0.011916346065819853
466,5.5,8.0,-0.11364933244241221,-0.055459960506642425
467,5.5,10.0,0.02432031282712675,-0.031986528122094765
468,5.5,25.0,-0.2261845923190847,0.07164216640194249
469,5.0,15.0,-0.22365202190054811,0.060367294564948396
470,6.0,8.0,-0.07096804486945411,0.012566505819955099
471,7.0,25.0,0.08641188629811178,-0.026159447723711524
472,8.0,25.0,-0.015355978332528499,0.06743442819786856
473,3.5,5.0,0.12707808035229412,-0.015484743580477406
474,3.0,8.0,-0.13387005879462008,-0.01851962238415704
475,4.0,8.0,0.051498245090691966,-0.02343665061770931
476,4.5,8.0,0.06609093798192861,0.006001567804882382
477,8.0,10.0,0.07673841986630574,0.016830271022127398
478,7.0,5.0,0.03780670354006037,-0.008329886631122834
479,6.0,15.0,-0.09534672592656157,0.07346658822297333
480,5.5,5.0,0.11607615456740512,-0.006058026129662507
481,2.0,15.0,0.11290546457473755,-0.0026583031197629694
482,4.5,20.0,-0.09855538162925684,-0.021568757239393357
483,5.0,25.0,-0.20312439499322862,0.0855648022229948
484,5.5,8.0,-0.07210855809839854,-0.05092041379564
485,3.5,5.0,-0.0883090049135704,-0.023327312440059665
486,5.5,5.0,0.16967092991876165,-0.007967602953364817
487,7.0,20.0,0.1700124419440381,0.008769606579062457
488,4.5,5.0,-0.007063707504079026,-0.031184613342852645
489,7.0,15.0,-0.23415652477760537,0.08762857928422421
490,8.0,15.0,0.14573694815755633,0.008642897654099991
491,3.0,10.0,0.056852788108982207,-0.03207667120346084
492,7.0,20.0,0.1825963649665958,0.003415275169455254
493,4.5,10.0,0.030731399890818273,-0.007899914809606157
494,3.0,5.0,0.005477827775233109,-0.008565257940607836
495,8.0,20.0,-0.26214037260338846,-0.02146930418666328
496,5.5,20.0,-0.10952858045714656,-0.047290196224817095
497,6.0,15.0,0.13004626430849334,-0.008413808416157437
498,4.0,20.0,-0.21493729796411284,0.12092324939973222
499,7.0,8.0,0.16676001799761006,0.00405160485812086
