U,beta,iteration,PC1,PC2,g0_l0,g0_l2,g0_l4,g0_l6,g0_l8,g0_l10,g0_l12,g0_l14,g0_l16,g0_l18,g0_l20,g0_l22,g0_l24,g0_l26,g0_l28,g0_l30,g0_l32,g0_l34,g0_l36,g0_l38,g0_l40,g0_l42,g0_l44,g0_l46,g0_l48,g0_l50,g0_l52,g0_l54,g0_l56,g0_l58
4.0,8.0,0,-0.17385734349657678,-0.0012725131234319169,0.2935279500170137,-0.21093173089573564,-0.06707404455861465,-0.013425612467787056,-0.0018848737008777372,-0.0001952281787446088,-1.5449855540589173e-05,-9.60363296431737e-07,-4.7966744551587246e-08,-1.962497828629804e-09,-7.231892603645636e-11,-7.383804885605796e-12,-2.3471183407161013e-12,4.0045436111557973e-13,2.9798700486589334e-12,-1.956873151360415e-14,8.369972053085692e-13,-3.665666792068709e-12,-6.944008301293372e-12,-6.191266941682025e-12,-6.202472863440308e-12,-7.286358613784383e-12,-5.882867178701016e-12,-1.9698073715435783e-12,-2.924895268520845e-13,-1.6397282331815947e-12,-2.126867695946149e-12,-1.1649600627645731e-12,-8.39565698646677e-12,-1.3918289669780903e-11
4.0,8.0,1,-0.12378745580401954,-0.014291277096899747,0.25031123199213023,-0.19022314216194858,-0.04618333355871798,-0.010507200559060537,-0.00260564905839578,-0.0006485284573554703,-0.00010629104368412045,-3.247205181356165e-05,-5.544497072885219e-06,2.143010372503962e-06,-1.8191192547894566e-06,7.212837156371273e-07,2.6840526025010216e-07,-8.227694666192396e-07,8.604807246330032e-07,-7.906954491469332e-07,3.934802257779639e-07,6.877409080151259e-08,-9.650617587914296e-08,4.023100577523574e-08,-2.1560701696926394e-07,3.215568392034767e-07,-1.8580295967817764e-07,-3.417633287499824e-08,1.1147044069833828e-07,-5.1847624292027984e-08,-1.410514816170932e-09,1.0467827389059329e-09,-1.861284088615116e-08,3.620389597560122e-08
4.0,8.0,2,-0.11517919675854142,-0.014122804939584304,0.24359305869763276,-0.18511937736720763,-0.04432191090309422,-0.01065771994463977,-0.002693655681105835,-0.0006541261186475355,-0.00011041832740476992,-3.093328833251726e-05,-6.738928824760269e-06,3.567032757084131e-06,-2.968964933727449e-06,1.991216163511472e-06,-8.372890032803966e-07,-9.055430924169494e-08,3.632643826234065e-07,-3.959328483704859e-07,1.3412828383933907e-07,1.6615200991652633e-07,-1.1242226604903495e-07,6.178576843569489e-08,-2.3421316101921622e-07,3.003527215523086e-07,-1.2884479725880927e-07,-8.416110298394886e-08,1.3005238897210325e-07,-4.904530484566694e-08,-1.1337074257553983e-08,1.2173329118313203e-08,-1.7068641819483535e-08,2.5537245077608154e-08
4.0,8.0,3,-0.10874283233493022,-0.013760293912006717,0.2386297593040127,-0.18115430609844685,-0.04315960774687831,-0.010759391826671124,-0.0027507564206332457,-0.0006579725108656055,-0.00011268227504923107,-2.9977386058136842e-05,-7.422598710590656e-06,4.419286557286549e-06,-3.6473178942347947e-06,2.7466212641875383e-06,-1.5092235316677046e-06,3.5895804042733756e-07,5.6681413187930756e-08,-1.507991615311908e-07,-2.6522055830440404e-08,2.244431529392436e-07,-1.2128281829634836e-07,7.578873657349582e-08,-2.4667215106106276e-07,2.8859650916192937e-07,-9.473061945012847e-08,-1.1493339239138213e-07,1.423846996238658e-07,-4.8704011661174944e-08,-1.605278160345002e-08,1.781472950474149e-08,-1.4916101802926263e-08,1.8138820479586544e-08
4.0,8.0,4,-0.10390287794728917,-0.01334234907918063,0.23493445201956245,-0.17808111413411792,-0.04242541767257317,-0.010830906153719913,-0.0027881527284570836,-0.000660425693005965,-0.0001139310203151308,-2.9368286927468937e-05,-7.822628411829832e-06,4.941035413389077e-06,-4.055350935473469e-06,3.204813010368478e-06,-1.927318329522053e-06,6.420142946990495e-07,-1.3743267742745253e-07,5.717178115256641e-09,-1.289359990484555e-07,2.603267375452895e-07,-1.263457219625442e-07,8.517738783077195e-08,-2.552775575092887e-07,2.8210199295420204e-07,-7.380149210862972e-08,-1.344749245962206e-07,1.5091245223436845e-07,-4.9537374149803986e-08,-1.8017636841420073e-08,2.051951330592673e-08,-1.271330068856685e-08,1.2886108111958813e-08
4.0,8.0,5,-0.10025251528640772,-0.01293959827541631,0.23216974024800485,-0.1757081082986053,-0.0419552497812753,-0.010882803695707217,-0.0028129203561429237,-0.0006618972966488135,-0.00011461992310256595,-2.897161653510472e-05,-8.061746484191182e-06,5.267568372509047e-06,-4.305495818165772e-06,3.488220406770065e-06,-2.1935457851094924e-06,8.246274401243658e-07,-2.635266945326264e-07,1.0845120896943292e-07,-1.9616092475701407e-07,2.8310432781598317e-07,-1.2933352172719406e-07,9.165258724619778e-08,-2.613837684696303e-07,2.785436956436898e-07,-6.062656726077275e-08,-1.4728296578811306e-07,1.5702280010882627e-07,-5.085171362992917e-08,-1.8568876125066376e-08,2.167243530662295e-08,-1.0701797726680035e-08,9.081871079667555e-09
4.0,8.0,6,-0.09749519164792546,-0.012583256595625418,0.23009475075271058,-0.17388279122352146,-0.04164953387552613,-0.010921276207887584,-0.002829533404580487,-0.0006627269218003462,-0.00011499773426609017,-2.8708235499013418e-05,-8.207675973560135e-06,5.476319662486405e-06,-4.4617541341183644e-06,3.6669977228904025e-06,-2.3668963535433546e-06,9.451620861331976e-07,-3.4743230036158806e-07,1.7765246789251119e-07,-2.4152199300585515e-07,2.9801788175001846e-07,-1.3116480634454045e-07,9.622752192129388e-08,-2.658118778307509e-07,2.766228228816484e-07,-5.211264621876804e-08,-1.5593068187651412e-07,1.6151901679335134e-07,-5.227613032836174e-08,-1.8434791544607664e-08,2.2029007036689087e-08,-8.97004157359168e-09,6.284165678110134e-09
4.0,8.0,7,-0.09541095540504223,-0.012283070702955609,0.2285342080003906,-0.1724836140797566,-0.04144751227125852,-0.010950173588239078,-0.0028408286393339917,-0.0006631592900572914,-0.00011520217033190994,-2.8530238354787137e-05,-8.298597612085658e-06,5.612556846787218e-06,-4.561230524014751e-06,3.782032917281633e-06,-2.4822008954530395e-06,1.0264232082865306e-06,-4.0450480862899314e-07,2.253538821593565e-07,-2.7288588679097685e-07,3.080686809717987e-07,-1.3233286966172956e-07,9.952293692322506e-08,-2.6907477947725297e-07,2.7561058885906974e-07,-4.646918657901908e-08,-1.619236269519132e-07,1.648873465718982e-07,-5.362410367073811e-08,-1.8006425960423576e-08,2.1999099889221027e-08,-7.531580854727042e-09,4.203997294066543e-09
4.0,8.0,8,-0.09383503742348188,-0.012037942085951586,0.22735893972845717,-0.17141423134908243,-0.041311790353866173,-0.01097203879760765,-0.0028486154222881286,-0.0006633576485915207,-0.00011531020576676053,-2.8408012280532985e-05,-8.35638151223886e-06,5.703222063854296e-06,-4.6257564944751785e-06,3.8575062053839e-06,-2.560416824404254e-06,1.0822590242030942e-06,-4.440847447107032e-07,2.5888954011149864e-07,-2.9502386746358357e-07,3.150183148551414e-07,-1.3310714593637544e-07,1.0193152222208921e-07,-2.715058172935349e-07,2.7509798901370757e-07,-4.263928375612013e-08,-1.661672061227443e-07,1.674372794389722e-07,-5.481170007792534e-08,-1.7488521937325887e-08,2.1801512741900266e-08,-6.36465090851414e-09,2.6456240534386496e-09
4.0,8.0,9,-0.09264341968522351,-0.011841930822528834,0.2264730233575344,-0.1705989041836267,-0.041219120858828846,-0.010988642672331747,-0.002854056095183567,-0.0006634253874125296,-0.0001153650304433758,-2.832281032968695e-05,-8.393855852589878e-06,5.764685107436266e-06,-4.668396949633045e-06,3.907970514397962e-06,-2.6144311018842244e-06,1.1212756810047895e-06,-4.719955739077879e-07,2.828533294297883e-07,-3.1091284421183523e-07,3.199279709171016e-07,-1.3363874964462004e-07,1.037111014437911e-07,-2.7333009880383036e-07,2.7485576194576103e-07,-3.9985258266928973e-08,-1.692236265232929e-07,1.6937864494610335e-07,-5.5814280166571394e-08,-1.6981027987764636e-08,2.1549421999786318e-08,-5.433980583955076e-09,1.4727225912472145e-09
4.0,8.0,10,-0.09174242271705194,-0.011687477653681996,0.22580478774634047,-0.16997848537074406,-0.0411548650546203,-0.01100126884686305,-0.0028579058087049827,-0.000663425071585067,-0.00011539087170238755,-2.8262612744868802e-05,-8.418653799222487e-06,5.807070900580107e-06,-4.697084233506193e-06,3.942328667050341e-06,-2.6523379181152762e-06,1.1489473649372915e-06,-4.919595854823002e-07,3.0020252559568466e-07,-3.224647208206827e-07,3.2345425143126965e-07,-1.340130011105265e-07,1.0503565452442829e-07,-2.7470529679638364e-07,2.747565724130156e-07,-3.811277467005557e-08,-1.714541134929703e-07,1.7086042052247697e-07,-5.6636406313267494e-08,-1.6528824109273096e-08,2.1298836505819586e-08,-4.700869675785467e-09,5.87273434636797e-10
4.0,15.0,0,-0.23178948692499451,0.061852570530703505,0.36330104912054184,-0.20073015330124427,-0.10646530743534918,-0.04050060572218183,-0.012043990422811133,-0.0028864312028868758,-0.000567431023982843,-9.27344409846262e-05,-1.2744481677442854e-05,-1.4880883302332108e-06,-1.4902239761762964e-07,-1.291010863210063e-08,-9.71108423292615e-10,-6.005048026853888e-11,1.1769915948359118e-11,-4.822988739880477e-12,1.9847241872803124e-11,1.0561315991841477e-12,-9.318557618124766e-12,7.51579670540439e-12,7.634040922879008e-12,-9.404425875606945e-12,-8.797509844135771e-12,8.640130945989882e-12,9.205120607804047e-12,-1.061338474516701e-11,-1.2449159884321494e-11,8.332915922581658e-12,-2.3251610778253144e-11,-2.2239743597562573e-11
4.0,15.0,1,-0.21438621245688244,0.03241288640288738,0.3390325571429295,-0.2103590328644482,-0.0897610594305657,-0.025302728815882265,-0.008449668284142942,-0.003439161201532867,-0.0011057863991590295,-0.00046743576066223024,-8.189576648184178e-05,-5.7643382880675424e-05,5.865641642953753e-06,-2.9147118296583057e-05,2.817703610750948e-05,-2.1639025150317498e-05,1.682189412242652e-05,-1.5666742423924007e-05,1.0753298465394865e-05,-3.820995960235073e-06,4.056339082076461e-07,-5.540789521507652e-08,-1.1793465643379911e-06,3.4591143107124386e-06,-4.207755992314135e-06,2.7483850707338753e-06,-9.883191940242686e-07,-6.245439951787343e-08,6.859923350203627e-07,-1.0159039426726642e-06,3.3567315561062144e-07,3.8516542175582006e-07
4.0,15.0,2,-0.2104025272117897,0.030062661388261233,0.3352649774612428,-0.20953782338715524,-0.08680823689269329,-0.02514493664083502,-0.008563540984465203,-0.0034758781520487724,-0.0011126498975995468,-0.0004708456472220793,-9.100307680784103e-05,-5.0055289734450984e-05,7.03956196796708e-07,-2.2676678801214288e-05,2.3559054180894156e-05,-1.9459385898442102e-05,1.4842388686850607e-05,-1.2998069808958197e-05,8.357508037515773e-06,-2.6164558953988336e-06,3.672793081158882e-07,-2.483309304338686e-07,-1.1970311529959556e-06,3.267185557990742e-06,-3.5966216401821783e-06,2.027416337417664e-06,-5.422804483657348e-07,-1.2722749765149783e-07,5.192600502406713e-07,-8.052568951260801e-07,2.409246262023698e-07,3.748736996283758e-07
4.0,15.0,3,-0.2073938153369862,0.02843833666315487,0.332450526926129,-0.2088242510870806,-0.08476817306635165,-0.024960737827922356,-0.008643489841181528,-0.003507166629090578,-0.0011204066968425774,-0.0004734665600782882,-9.625707366236006e-05,-4.555365588476236e-05,-2.3009522561540834e-06,-1.8766624511636547e-05,2.0738321490332965e-05,-1.810249560868429e-05,1.3608398118817914e-05,-1.133708320947143e-05,6.884180668234128e-06,-1.8973634599924877e-06,3.4853360235454846e-07,-3.476455374288334e-07,-1.2244711578789896e-06,3.1582580133813854e-06,-3.2268681596327194e-06,1.5904137292472807e-06,-2.7194741601112434e-07,-1.7002707609383182e-07,4.249232909847754e-07,-6.844386995321271e-07,1.9458683744174527e-07,3.5781294452297327e-07
4.0,15.0,4,-0.20509988423214054,0.027302478258011485,0.3303290221986159,-0.2082159783589665,-0.08332224136343827,-0.02480272061072793,-0.008700024666104818,-0.0035315491944147726,-0.001127297402098324,-0.00047540585560720627,-9.943673397732652e-05,-4.2754224569027915e-05,-4.141066602303945e-06,-1.629677603676077e-05,1.89323097518702e-05,-1.7212876239173238e-05,1.280311861914959e-05,-1.0262330761149304e-05,5.944206151026378e-06,-1.4526505798020083e-06,3.3898333509021336e-07,-3.9815246018160114e-07,-1.2521403177920204e-06,3.094208665011257e-06,-2.9951731285527988e-06,1.31661554614542e-06,-1.0292965244850072e-07,-1.9886591267555147e-07,3.700376372456097e-07,-6.130910161857445e-07,1.7270548877666318e-07,3.4007807961230856e-07
4.0,15.0,5,-0.20334270981179894,0.026499368110534487,0.32872105244159666,-0.20770782015139788,-0.08227842146531346,-0.02468035647271556,-0.00874055359890165,-0.003549844727365396,-0.0011328792456002305,-0.0004768133967366995,-0.00010145209677925955,-4.093438125913217e-05,-5.323195182983867e-06,-1.467183032225315e-05,1.772630878767815e-05,-1.6604076811644917e-05,1.225633046520372e-05,-9.541197810320174e-06,5.322647945618457e-06,-1.1675963184785739e-06,3.339248197973748e-07,-4.232837014891495e-07,-1.2766066265399141e-06,3.055190725510684e-06,-2.844894683639816e-06,1.1392142306639317e-06,6.282735993817159e-09,-2.1882841514983563e-07,3.371968333277633e-07,-5.696736645758026e-07,1.631509219069993e-07,3.2402966828971474e-07
4.0,15.0,6,-0.2019939582040719,0.025925670404765788,0.3274982617965219,-0.2072907069229836,-0.0815148604621924,-0.024589561119293363,-0.008770039987872992,-0.003563356584436914,-0.0011372086701943401,-0.00047782618004843015,-0.00010278339762517895,-3.9704743540996586e-05,-6.115046444189229e-06,-1.3564723089291002e-05,1.6892370642096018e-05,-1.6173526086919134e-05,1.1872951814087198e-05,-9.04185086307358e-06,4.898144098996753e-06,-9.785789032187321e-07,3.311534661023196e-07,-4.3529305376777664e-07,-1.2970005007498534e-06,3.0305910560607767e-06,-2.7442602562520634e-06,1.0205610196508317e-06,7.915494654419074e-08,-2.3303177697623295e-07,3.1699518058820623e-07,-5.424514917964874e-07,1.5972456882593738e-07,3.103863927395844e-07
4.0,15.0,7,-0.20095814517626698,0.025511943792630574,0.3265665789756859,-0.2069533099572808,-0.08095087911185647,-0.02452336742622113,-0.008791771535965012,-0.0035732861570861424,-0.001140494858700944,-0.0004785531238794163,-0.0001036938455215346,-3.8847351132331404e-05,-6.663746609971769e-06,-1.278882568771292e-05,1.629982506345471e-05,-1.586169559033036e-05,1.1597462381652593e-05,-8.687078272358032e-06,4.6001817121277565e-06,-8.493998246300493e-07,3.2960906210480247e-07,-4.406110300064582e-07,-1.3134778288520902e-06,3.014591386230458e-06,-2.6749679680597947e-06,9.389276177766808e-07,1.292189259587181e-07,-2.4338745497691993e-07,3.0423907117802827e-07,-5.248918090360988e-07,1.5924161444118782e-07,2.99176229785949e-07
4.0,15.0,8,-0.20016279942212648,0.025211035549228173,0.3258558926660664,-0.2066835641986594,-0.0805313207452626,-0.024475369719261567,-0.00880795373475074,-0.0035805866441856434,-0.001142962797128584,-0.00047907604356379633,-0.00010433371902253412,-3.823478358432745e-05,-7.0540181559194225e-06,-1.2233008219790055e-05,1.587021245394624e-05,-1.563214150326358e-05,1.1395958512646846e-05,-8.429959918086823e-06,4.3864030273589015e-06,-7.588456172864726e-07,3.2874702257650457e-07,-4.425774941592742e-07,-1.3265594878667322e-06,3.0038892711149855e-06,-2.626130879575884e-06,8.814106009275491e-07,1.6447922786544276e-07,-2.5108291839486743e-07,2.9598485705684906e-07,-5.132648565956385e-07,1.6007365521379215e-07,2.9014881490655657e-07
4.0,15.0,9,-0.19955249109320444,0.02499049629411029,0.32531349015754263,-0.20646996719441307,-0.08021750473143753,-0.02444053367589054,-0.008820095625654839,-0.003585970952740036,-0.0011448087044041801,-0.000479453568576183,-0.00010479299279027306,-3.778911886031014e-05,-7.337028745222093e-06,-1.1828217588851963e-05,1.555410479964823e-05,-1.546121126154199e-05,1.124667896825527e-05,-8.24086205054797e-06,4.23045520980637e-06,-6.940666626503555e-07,3.282751282916356e-07,-4.429336362146385e-07,-1.336833512226486e-06,2.9965627706352553e-06,-2.5910624807934885e-06,8.400946593491767e-07,1.898237119424822e-07,-2.568831883698093e-07,2.905237563771425e-07,-5.053838691581137e-07,1.6139637614023066e-07,2.8297389373089206e-07
4.0,15.0,10,-0.19908454329400935,0.024827772154613466,0.32489943400282006,-0.2063021257006258,-0.079981799751514,-0.024415155897106997,-0.008829255366148581,-0.003589958192840535,-0.0011461877995000598,-0.0004797277513797035,-0.0001051278177539568,-3.746056890269053e-05,-7.5451159236314066e-06,-1.152984863008209e-05,1.5319111567765108e-05,-1.5333000048567707e-05,1.1135116767340488e-05,-8.100271649118375e-06,4.1152429958517715e-06,-6.469734751121388e-07,3.2802437183173174e-07,-4.425704370473684e-07,-1.3448428960986804e-06,2.991443485020973e-06,-2.565510543993838e-06,8.099663629257522e-07,2.083319815531131e-07,-2.6129670152680975e-07,2.868369598386803e-07,-4.999315928337007e-07,1.6280537100053448e-07,2.773240653199197e-07
4.0,25.0,0,-0.25241425767834325,0.11575435339659455,0.4049874946359849,-0.17181145278916585,-0.12084778506366642,-0.06550861634423505,-0.0297290725327183,-0.01159355942084955,-0.003932806698250684,-0.0011691054139315931,-0.0003062328799902376,-7.101000902451945e-05,-1.463903794047501e-05,-2.693987099199142e-06,-4.442798302911756e-07,-6.588839069416898e-08,-8.792335410543267e-09,-1.0410970716280213e-09,-8.020484543340007e-11,1.6666575224711122e-11,1.8727239054576038e-11,2.127828438892528e-11,1.578671372424445e-11,1.3607311534520114e-12,-8.093363742536659e-12,-1.1886888248646652e-11,-2.4647399851218363e-11,-4.914175666827374e-11,-6.948234118462436e-11,-8.268127169834181e-11,-1.2154448286086156e-10,-1.5016220295592023e-10
4.0,25.0,1,-0.2645595929304198,0.07868316799866278,0.39837813218357554,-0.20565293696044953,-0.11565521692914428,-0.0451990452087656,-0.016940359125841884,-0.007859230784775259,-0.003774930708388186,-0.0020402143474068392,-0.0005500169954746351,-0.0005209954735096833,-4.7417177774146014e-05,-0.0002049071018247096,0.00012703703888516758,-8.500591991900153e-05,6.657763308066428e-05,-8.77662615002587e-05,7.433188738168623e-05,-3.597899573532069e-05,3.1636226850025725e-06,4.750351540937152e-06,-3.744146788520713e-06,1.5047896292707401e-05,-2.8793465720508467e-05,3.1495102925487045e-05,-2.224870308780903e-05,6.8066053095696016e-06,5.920000886985431e-06,-1.0405639341731733e-05,4.264115628843646e-06,1.6875146556461788e-06
4.0,25.0,2,-0.26258410178522673,0.08055424288697802,0.39728500527066624,-0.20330683587129075,-0.11727102894801544,-0.04462769794102272,-0.01699279307514327,-0.00804548227168793,-0.0037542817933635996,-0.002035054210091637,-0.0005711924425519715,-0.0004942554522509183,-5.548730709266584e-05,-0.00019128604699536518,0.00012047318027851874,-8.587556509079046e-05,6.525465007602431e-05,-8.306061753283235e-05,6.811732282935014e-05,-3.124277516857369e-05,3.6146716714840824e-06,1.7205821095987613e-06,-2.511399231944949e-06,1.432227181127057e-05,-2.6743955244620524e-05,2.8309558325157818e-05,-1.9848338370844e-05,6.601484167855577e-06,4.606881116224167e-06,-8.926130715537436e-06,2.887940328216651e-06,2.69032845643178e-06
4.0,25.0,3,-0.26202197706290825,0.08126398270157327,0.3970483601176791,-0.20251520285472324,-0.11776146898821743,-0.04460174049002255,-0.017033312720383904,-0.008115194842788201,-0.003742230555019986,-0.0020306279380692045,-0.0005789932861626707,-0.0004828944257044135,-5.864786240506249e-05,-0.00018540912201087968,0.00011753578857795397,-8.626324958889583e-05,6.456141992136357e-05,-8.069959989958516e-05,6.515546486640966e-05,-2.9141293437937063e-05,3.839376766777434e-06,4.4525735886582496e-07,-2.045176268769849e-06,1.4039742745671896e-05,-2.5827501436555064e-05,2.685718422780502e-05,-1.8730928597896445e-05,6.461182680063208e-06,4.063934484726563e-06,-8.303974213650552e-06,2.3364442608944564e-06,3.0788932878878173e-06
4.0,25.0,4,-0.2618693887512625,0.08156444827716261,0.3970272692497345,-0.20222570138347076,-0.11792380899573006,-0.04466542388937554,-0.01706061281202676,-0.00814138888629853,-0.0037360330659163936,-0.0020277358694748646,-0.0005818065617589184,-0.00047803579838184097,-5.986339252436873e-05,-0.0001828747925239774,0.00011623528067197127,-8.643647216043955e-05,6.422168492995117e-05,-7.958038823038951e-05,6.379020223990002e-05,-2.8212339459068304e-05,3.9488568395735584e-06,-1.0331405970292148e-07,-1.8617104799925228e-06,1.3925886393125538e-05,-2.5417904528037104e-05,2.6198809358210452e-05,-1.8217144071435024e-05,6.384665787291575e-06,3.832479818985481e-06,-8.035917782320123e-06,2.106971753722936e-06,3.2365473408971494e-06
4.0,25.0,5,-0.2618320349911171,0.08170547919034872,0.3970484035476875,-0.2021084371473053,-0.11798517622146097,-0.04472164637000374,-0.017077631549993765,-0.008151152087214016,-0.00373296143586458,-0.0020260062076082465,-0.0005827535362475583,-0.0004759577820100504,-6.031324342553978e-05,-0.00018179241818085606,0.00011566804529787249,-8.651331141569591e-05,6.406236692359966e-05,-7.907208829848925e-05,6.317968822100267e-05,-2.7806585207793118e-05,4.001491594243884e-06,-3.418547937467147e-07,-1.7870204591096308e-06,1.3878912722908818e-05,-2.5236587338102328e-05,2.590399175330292e-05,-1.7984575060650387e-05,6.347038175444501e-06,3.7321091040309724e-06,-7.919091851034638e-06,2.0090529347905508e-06,3.302865473864284e-06
4.0,25.0,6,-0.26182567734180195,0.0817771140973646,0.3970702611130274,-0.20205586894467123,-0.11801225365014113,-0.044758503401974334,-0.01708778031459872,-0.008154676569053403,-0.0037314409105791125,-0.002025006033148515,-0.0005830182143591722,-0.00047507524105592304,-6.046749920066659e-05,-0.0001813393730748526,0.00011542568375860944,-8.654671707363479e-05,6.399021039556008e-05,-7.885041983403992e-05,6.291556205023034e-05,-2.763299303011868e-05,4.026428415658672e-06,-4.4554401592398537e-07,-1.7558639524780526e-06,1.3859285709557874e-05,-2.5157740553302844e-05,2.577445522131228e-05,-1.7881435109301325e-05,6.329741630716244e-06,3.688400878002332e-06,-7.868207295725351e-06,1.9667527880175753e-06,3.3314346810928694e-06
4.0,25.0,7,-0.26182669874471054,0.08181548707310328,0.3970857394189148,-0.20203022837747645,-0.11802590257885513,-0.04478060277626346,-0.01709368093777109,-0.008155853005511584,-0.0037306746085385336,-0.002024434414178911,-0.000583050286918216,-0.00047470575043469866,-6.051189618216455e-05,-0.00018115644590099828,0.00011532524258882324,-8.65607820143937e-05,6.395872897353023e-05,-7.875843084335301e-05,6.280615474429139e-05,-2.7561129992712547e-05,4.038014264765192e-06,-4.901206070520925e-07,-1.7426603478072742e-06,1.3851101631207847e-05,-2.5124473741244688e-05,2.571916480409707e-05,-1.783698339543936e-05,6.322268867611216e-06,3.6694950087437443e-06,-7.846292335027183e-06,1.9484596902271587e-06,3.343897469350061e-06
4.0,25.0,8,-0.2618287846972158,0.08183668994278562,0.3970955329816384,-0.2020169538960102,-0.11803338024630342,-0.04479341491556622,-0.017097063112248942,-0.00815617593304022,-0.003730278005877912,-0.0020241089684153073,-0.000583015574754649,-0.0004745549650440909,-6.051866923267724e-05,-0.0001810869769419318,0.00011528555406888582,-8.656640769232425e-05,6.394555450779648e-05,-7.872282685847139e-05,6.2763683136541e-05,-2.7532979179540297e-05,4.043297570535094e-06,-5.088319230688152e-07,-1.737021311099033e-06,1.3847706225721405e-05,-2.511106971624355e-05,2.5696595643227374e-05,-1.781862904168784e-05,6.319275502237352e-06,3.661483132791666e-06,-7.83709394720401e-06,1.9406334679236052e-06,3.3493537445422468e-06
4.0,25.0,9,-0.26183053030991393,0.08184864672188367,0.3971014951570824,-0.20200981455641942,-0.11803767985772072,-0.044800769754180014,-0.017098986616172346,-0.00815621110066251,-0.0037300659693936746,-0.0020239233262391724,-0.0005829717486181349,-0.00047449582243110105,-6.051468004336853e-05,-0.00018106365579286302,0.00011527114716985606,-8.656842394020529e-05,6.394041101960297e-05,-7.871084134899072e-05,6.274917804812252e-05,-2.7523061199364706e-05,4.045654625390448e-06,-5.163910977528983e-07,-1.7345865342534807e-06,1.3846337794747083e-05,-2.5106119421331863e-05,2.5688066561577056e-05,-1.781155652920029e-05,6.318199842483191e-06,3.6582291307360496e-06,-7.833415192820685e-06,1.937371265410871e-06,3.35172600841619e-06
4.0,25.0,10,-0.26183172224708057,0.08185546931721242,0.3971050380331793,-0.20200586555471928,-0.11804020281018705,-0.04480497759492194,-0.017100079756862084,-0.008156165281921193,-0.0037299497976853637,-0.002023816600734715,-0.0005829358184550761,-0.0004744743998043152,-6.050893222908006e-05,-0.00018105800310322205,0.00011526674441564548,-8.6568988096022e-05,6.393866507935046e-05,-7.870805651868653e-05,6.27455562556607e-05,-2.7520300825553894e-05,4.046656602428619e-06,-5.192302742778377e-07,-1.7335207859951251e-06,1.384578937246999e-05,-2.5104581922657968e-05,2.568531236868655e-05,-1.7809197425577986e-05,6.317931482678645e-06,3.6569750459883277e-06,-7.832049724862142e-06,1.9360618566395413e-06,3.352746117992117e-06
4.0,50.0,0,-0.25642730879549,0.17005928885395033,0.4436714676411865,-0.12459003079717292,-0.11315404195466429,-0.08372539992686481,-0.05488992770249409,-0.032741165502702056,-0.0179764606950491,-0.009139589319079627,-0.00431786371214416,-0.0018997484201559737,-0.0007796358009584991,-0.00029880719860587475,-0.00010706605004478141,-3.589989042696614e-05,-1.127491851005393e-05,-3.3196444582264946e-06,-9.169073294456496e-07,-2.3762459392794616e-07,-5.766529497006752e-08,-1.2954926906687715e-08,-2.5935761248079155e-09,-4.4145943918989946e-10,-1.2814814332348282e-10,-2.140693293091012e-10,-4.296391076581401e-10,-7.215736486251056e-10,-1.0389550616541232e-09,-1.372849601757387e-09,-1.8036415723946394e-09,-2.239925825968363e-09
4.0,50.0,1,-0.26310691681747594,0.10578709408944448,0.4184184273252928,-0.17845283353788488,-0.09565577100375178,-0.06965653853701646,-0.03396978705324415,-0.015396224240769711,-0.009577446067805546,-0.006740179821029052,-0.0023298030130662066,-0.0035187878967132182,-0.0010673294169572807,-0.0016663611002491264,0.0001795929620357042,-0.0003447439171303315,1.6047904368887982e-05,-0.0004162954004735435,0.000361951015723251,-0.000263672666102199,2.802840279323598e-06,0.00012221237156209385,-3.459366305204361e-05,1.868634129377366e-05,-0.00011148464726374304,0.00027248737932667773,-0.00028750260589666674,0.00010555319320495492,6.369456028246896e-05,-0.00010205975678990302,6.232643405777103e-05,-3.2365007601741176e-05
4.0,50.0,2,-0.2641886308986907,0.11125450122844231,0.4207514269746,-0.17540479577965204,-0.10204363095824322,-0.06733029696721361,-0.03344860081901688,-0.01662223859376674,-0.009965864955859506,-0.007014334904630592,-0.002536091250048123,-0.0033807448907522014,-0.001044625717261683,-0.0015818299863689807,0.00020504421497658263,-0.00039241229803760016,3.014075508790014e-05,-0.0003772488934422901,0.0003145630228208109,-0.0002312848316080461,1.4463356506962245e-05,9.243415172133516e-05,-2.948106047777029e-05,2.5783027205543997e-05,-0.00010891403068807515,0.0002471697647824455,-0.0002598024904033071,0.0001003818263876087,5.311748515064369e-05,-9.306284879344515e-05,5.477121759542265e-05,-2.4031835977588407e-05
4.0,50.0,3,-0.26517411815506614,0.11395715111875689,0.42241028993554863,-0.17411191926586364,-0.1044775683809618,-0.0670932859412245,-0.033477015845998805,-0.01712377910517866,-0.010127176481236415,-0.007118381227048161,-0.0025965579863671284,-0.003332699418807986,-0.0010297385393509126,-0.00155160876783856,0.00021801986619672257,-0.0004094309279964663,3.68783923422024e-05,-0.0003657843798106509,0.00029993156476773646,-0.00022069596765229152,1.9015445048629975e-05,8.101843302672693e-05,-2.6967296475374918e-05,2.8233694918687795e-05,-0.00010874709892335816,0.00023868064523323483,-0.00025007642652890693,9.886671310004781e-05,4.898845197862488e-05,-8.968492257856905e-05,5.1495161378313105e-05,-2.0297760055338178e-05
4.0,50.0,4,-0.2658208512262236,0.11536625913933642,0.4234376954359151,-0.1734975652733219,-0.10545441251819937,-0.06732228183381603,-0.033629328153003464,-0.017327651664966345,-0.010197531412355392,-0.00715583163473628,-0.0026084318660732236,-0.0033170272743770074,-0.0010209902623622212,-0.0015414420636067417,0.0002245992794537553,-0.0004149236915054041,4.022873477209201e-05,-0.00036391472881954867,0.00029683711904823914,-0.00021792870732564837,2.0748413640570274e-05,7.671433011246571e-05,-2.5560761585659635e-05,2.8910477475931476e-05,-0.00010924945885806397,0.00023645097335648762,-0.00024720768058502523,9.870406545167642e-05,4.738847192880332e-05,-8.84705542752705e-05,4.99489700949705e-05,-1.847421769108471e-05
4.0,50.0,5,-0.2661969666988556,0.11612012243706202,0.42403272655054913,-0.17318004846602403,-0.10586220090131374,-0.06757613492017668,-0.03377041213409874,-0.01741223481147838,-0.010228806731779602,-0.007167714881418261,-0.0026060886521957465,-0.0033125719534555405,-0.0010161547715881003,-0.0015385192953869668,0.0002279410692049969,-0.0004162595843739416,4.193311625443604e-05,-0.00036488319917248095,0.00029733347759213906,-0.00021774873160742864,2.136708193617891e-05,7.51796203694225e-05,-2.4733426777785453e-05,2.8973988130019508e-05,-0.00010980789548547904,0.0002363397557991294,-0.0002467659443841294,9.894084368177844e-05,4.679220285519167e-05,-8.808092711090759e-05,4.917770919636567e-05,-1.7535693714901597e-05
4.0,50.0,6,-0.2664030128828849,0.11652795031824584,0.4243648097410159,-0.1730074422199411,-0.10603740831098649,-0.06776242238589907,-0.033871786501068896,-0.017448363229795042,-0.01024280951205933,-0.007170331328988551,-0.002601068730524258,-0.003311732366593144,-0.001013576457757828,-0.0015380393615047714,0.0002296392944906502,-0.0004162461612978334,4.2807131669048784e-05,-0.0003663089841577479,0.0002985829305405475,-0.0002182463476120527,2.15575183673873e-05,7.470054816088536e-05,-2.42440716291457e-05,2.8867942440275542e-05,-0.00011024516894503411,0.00023678786423035595,-0.00024704321570292054,9.922405239855901e-05,4.658979358923815e-05,-8.799088659633944e-05,4.8781685783262025e-05,-1.7040774645819498e-05
4.0,50.0,7,-0.26651192714524075,0.11674930217011649,0.4245458788927691,-0.17291118311018816,-0.10611419547384626,-0.067882027322213,-0.033937313064638784,-0.017464299279925523,-0.010249091458331916,-0.007169991238471626,-0.0025967365207109055,-0.003311886964261518,-0.0010122327884872046,-0.001538254193868426,0.00023049939347091254,-0.0004159034864415508,4.325440727753677e-05,-0.0003674862879025978,0.00029969912066245556,-0.00021878490134215092,2.159354762495262e-05,7.460158326506191e-05,-2.3958617437188447e-05,2.8746031620948124e-05,-0.00011054346715925501,0.00023726466792602235,-0.000247432129747837,9.944929462005207e-05,4.6535635399859167e-05,-8.799778067990647e-05,4.8576141099109193e-05,-1.677814520136754e-05
4.0,50.0,8,-0.2665681692236599,0.11686934382864118,0.4246430757682859,-0.17285699870935997,-0.1061483023932258,-0.06795399161003768,-0.03397728961003409,-0.017471561574375686,-0.010251908138170854,-0.0071689934612874295,-0.002593698370152779,-0.0033121996997264027,-0.0010115448817502217,-0.0015385753506111603,0.0002309325529532869,-0.0004155647881113996,4.3481833185651805e-05,-0.0003683030901053087,0.0003004980616007366,-0.00021919766781194522,2.158153327868839e-05,7.462240313661436e-05,-2.3795305849826034e-05,2.8650980551571598e-05,-0.00011073231103211377,0.00023762959135578124,-0.00024775206044584945,9.960348595272302e-05,4.653261754090258e-05,-8.8027553436135e-05,4.846964495220477e-05,-1.6639412646734607e-05
4.0,50.0,9,-0.2665966794691979,0.11693423917205471,0.42469462816851417,-0.17282646469703775,-0.10616352491554636,-0.06799570244446779,-0.034000821395698246,-0.01747498044337657,-0.01025316421351111,-0.007168076490080564,-0.0025917572625770947,-0.0033124534837831415,-0.0010111964638961667,-0.0015388375736950833,0.0002311494797288269,-0.00041531126684729184,4.359586038364813e-05,-0.00036882302022878675,0.0003010154753327329,-0.00021947543120242797,2.1560012741640917e-05,7.466880375885365e-05,-2.370361809300875e-05,2.85864742270299e-05,-0.00011084633284321146,0.0002378752699882,-0.00024797474099007765,9.970098400194928e-05,4.65435580111082e-05,-8.805578951762627e-05,4.841482739385111e-05,-1.6566845799098707e-05
4.0,50.0,10,-0.2666109281446375,0.11696916817799946,0.42472171738541503,-0.17280933454532563,-0.10617033288001435,-0.06801927184446131,-0.03401432041957949,-0.01747663954814883,-0.010253719508239,-0.007167406610383942,-0.0025905831687355633,-0.003312619351333401,-0.0010110217467732307,-0.0015390167014352966,0.00023125656160736215,-0.0004151419736225496,4.365235848072622e-05,-0.0003691374524435245,0.000301331909275664,-0.00021964983106430132,2.1541282567055907e-05,7.471044371358446e-05,-2.3653140916811194e-05,2.8545901115773226e-05,-0.00011091280727225844,0.00023802951518282455,-0.0002481174049724589,9.975968289212653e-05,4.6555550371944454e-05,-8.807677414071453e-05,4.838695231160149e-05,-1.6529348773297495e-05
